realtime_start,realtime_end,date,value
2026-08-03,2026-08-03,2010-01-04,2.771
2026-08-03,2026-08-03,2010-01-11,2.844
2026-08-03,2026-08-03,2010-01-18,2.834
2026-08-03,2026-08-03,2010-01-25,2.790
2026-08-03,2026-08-03,2010-02-01,2.731
2026-08-03,2026-08-03,2010-02-08,2.724
2026-08-03,2026-08-03,2010-02-15,2.705
2026-08-03,2026-08-03,2010-02-22,2.794
2026-08-03,2026-08-03,2010-03-01,2.825
2026-08-03,2026-08-03,2010-03-08,2.871
2026-08-03,2026-08-03,2010-03-15,2.895
2026-08-03,2026-08-03,2010-03-22,2.922
2026-08-03,2026-08-03,2010-03-29,2.910
2026-08-03,2026-08-03,2010-04-05,2.989
2026-08-03,2026-08-03,2010-04-12,3.045
2026-08-03,2026-08-03,2010-04-19,3.044
2026-08-03,2026-08-03,2010-04-26,3.053
2026-08-03,2026-08-03,2010-05-03,3.096
2026-08-03,2026-08-03,2010-05-10,3.102
2026-08-03,2026-08-03,2010-05-17,3.067
2026-08-03,2026-08-03,2010-05-24,2.985
2026-08-03,2026-08-03,2010-05-31,2.940
2026-08-03,2026-08-03,2010-06-07,2.904
2026-08-03,2026-08-03,2010-06-14,2.892
2026-08-03,2026-08-03,2010-06-21,2.936
2026-08-03,2026-08-03,2010-06-28,2.930
2026-08-03,2026-08-03,2010-07-05,2.890
2026-08-03,2026-08-03,2010-07-12,2.865
2026-08-03,2026-08-03,2010-07-19,2.866
2026-08-03,2026-08-03,2010-07-26,2.891
2026-08-03,2026-08-03,2010-08-02,2.900
2026-08-03,2026-08-03,2010-08-09,2.966
2026-08-03,2026-08-03,2010-08-16,2.953
2026-08-03,2026-08-03,2010-08-23,2.927
2026-08-03,2026-08-03,2010-08-30,2.909
2026-08-03,2026-08-03,2010-09-06,2.900
2026-08-03,2026-08-03,2010-09-13,2.920
2026-08-03,2026-08-03,2010-09-20,2.944
2026-08-03,2026-08-03,2010-09-27,2.928
2026-08-03,2026-08-03,2010-10-04,2.990
2026-08-03,2026-08-03,2010-10-11,3.055
2026-08-03,2026-08-03,2010-10-18,3.063
2026-08-03,2026-08-03,2010-10-25,3.048
2026-08-03,2026-08-03,2010-11-01,3.049
2026-08-03,2026-08-03,2010-11-08,3.102
2026-08-03,2026-08-03,2010-11-15,3.167
2026-08-03,2026-08-03,2010-11-22,3.156
2026-08-03,2026-08-03,2010-11-29,3.144
2026-08-03,2026-08-03,2010-12-06,3.175
2026-08-03,2026-08-03,2010-12-13,3.205
2026-08-03,2026-08-03,2010-12-20,3.229
2026-08-03,2026-08-03,2010-12-27,3.278
2026-08-03,2026-08-03,2011-01-03,3.303
2026-08-03,2026-08-03,2011-01-10,3.302
2026-08-03,2026-08-03,2011-01-17,3.371
2026-08-03,2026-08-03,2011-01-24,3.392
2026-08-03,2026-08-03,2011-01-31,3.399
2026-08-03,2026-08-03,2011-02-07,3.475
2026-08-03,2026-08-03,2011-02-14,3.479
2026-08-03,2026-08-03,2011-02-21,3.517
2026-08-03,2026-08-03,2011-02-28,3.661
2026-08-03,2026-08-03,2011-03-07,3.823
2026-08-03,2026-08-03,2011-03-14,3.859
2026-08-03,2026-08-03,2011-03-21,3.855
2026-08-03,2026-08-03,2011-03-28,3.883
2026-08-03,2026-08-03,2011-04-04,3.932
2026-08-03,2026-08-03,2011-04-11,4.040
2026-08-03,2026-08-03,2011-04-18,4.068
2026-08-03,2026-08-03,2011-04-25,4.061
2026-08-03,2026-08-03,2011-05-02,4.086
2026-08-03,2026-08-03,2011-05-09,4.066
2026-08-03,2026-08-03,2011-05-16,4.015
2026-08-03,2026-08-03,2011-05-23,3.942
2026-08-03,2026-08-03,2011-05-30,3.896
2026-08-03,2026-08-03,2011-06-06,3.889
2026-08-03,2026-08-03,2011-06-13,3.905
2026-08-03,2026-08-03,2011-06-20,3.904
2026-08-03,2026-08-03,2011-06-27,3.842
2026-08-03,2026-08-03,2011-07-04,3.818
2026-08-03,2026-08-03,2011-07-11,3.875
2026-08-03,2026-08-03,2011-07-18,3.903
2026-08-03,2026-08-03,2011-07-25,3.925
2026-08-03,2026-08-03,2011-08-01,3.918
2026-08-03,2026-08-03,2011-08-08,3.875
2026-08-03,2026-08-03,2011-08-15,3.815
2026-08-03,2026-08-03,2011-08-22,3.789
2026-08-03,2026-08-03,2011-08-29,3.803
2026-08-03,2026-08-03,2011-09-05,3.852
2026-08-03,2026-08-03,2011-09-12,3.841
2026-08-03,2026-08-03,2011-09-19,3.799
2026-08-03,2026-08-03,2011-09-26,3.738
2026-08-03,2026-08-03,2011-10-03,3.699
2026-08-03,2026-08-03,2011-10-10,3.671
2026-08-03,2026-08-03,2011-10-17,3.754
2026-08-03,2026-08-03,2011-10-24,3.782
2026-08-03,2026-08-03,2011-10-31,3.866
2026-08-03,2026-08-03,2011-11-07,3.863
2026-08-03,2026-08-03,2011-11-14,3.987
2026-08-03,2026-08-03,2011-11-21,4.010
2026-08-03,2026-08-03,2011-11-28,3.949
2026-08-03,2026-08-03,2011-12-05,3.907
2026-08-03,2026-08-03,2011-12-12,3.848
2026-08-03,2026-08-03,2011-12-19,3.765
2026-08-03,2026-08-03,2011-12-26,3.706
2026-08-03,2026-08-03,2012-01-02,3.683
2026-08-03,2026-08-03,2012-01-09,3.717
2026-08-03,2026-08-03,2012-01-16,3.746
2026-08-03,2026-08-03,2012-01-23,3.736
2026-08-03,2026-08-03,2012-01-30,3.734
2026-08-03,2026-08-03,2012-02-06,3.751
2026-08-03,2026-08-03,2012-02-13,3.857
2026-08-03,2026-08-03,2012-02-20,3.848
2026-08-03,2026-08-03,2012-02-27,3.914
2026-08-03,2026-08-03,2012-03-05,3.974
2026-08-03,2026-08-03,2012-03-12,4.016
2026-08-03,2026-08-03,2012-03-19,4.040
2026-08-03,2026-08-03,2012-03-26,4.046
2026-08-03,2026-08-03,2012-04-02,4.042
2026-08-03,2026-08-03,2012-04-09,4.055
2026-08-03,2026-08-03,2012-04-16,4.021
2026-08-03,2026-08-03,2012-04-23,3.974
2026-08-03,2026-08-03,2012-04-30,3.971
2026-08-03,2026-08-03,2012-05-07,3.962
2026-08-03,2026-08-03,2012-05-14,3.897
2026-08-03,2026-08-03,2012-05-21,3.854
2026-08-03,2026-08-03,2012-05-28,3.795
2026-08-03,2026-08-03,2012-06-04,3.746
2026-08-03,2026-08-03,2012-06-11,3.696
2026-08-03,2026-08-03,2012-06-18,3.655
2026-08-03,2026-08-03,2012-06-25,3.606
2026-08-03,2026-08-03,2012-07-02,3.580
2026-08-03,2026-08-03,2012-07-09,3.638
2026-08-03,2026-08-03,2012-07-16,3.659
2026-08-03,2026-08-03,2012-07-23,3.749
2026-08-03,2026-08-03,2012-07-30,3.782
2026-08-03,2026-08-03,2012-08-06,3.851
2026-08-03,2026-08-03,2012-08-13,3.968
2026-08-03,2026-08-03,2012-08-20,4.015
2026-08-03,2026-08-03,2012-08-27,4.050
2026-08-03,2026-08-03,2012-09-03,4.072
2026-08-03,2026-08-03,2012-09-10,4.079
2026-08-03,2026-08-03,2012-09-17,4.080
2026-08-03,2026-08-03,2012-09-24,4.017
2026-08-03,2026-08-03,2012-10-01,4.013
2026-08-03,2026-08-03,2012-10-08,4.040
2026-08-03,2026-08-03,2012-10-15,4.150
2026-08-03,2026-08-03,2012-10-22,4.101
2026-08-03,2026-08-03,2012-10-29,3.984
2026-08-03,2026-08-03,2012-11-05,3.959
2026-08-03,2026-08-03,2012-11-12,3.908
2026-08-03,2026-08-03,2012-11-19,3.909
2026-08-03,2026-08-03,2012-11-26,4.023
2026-08-03,2026-08-03,2012-12-03,4.014
2026-08-03,2026-08-03,2012-12-10,3.977
2026-08-03,2026-08-03,2012-12-17,3.918
2026-08-03,2026-08-03,2012-12-24,3.893
2026-08-03,2026-08-03,2012-12-31,3.885
2026-08-03,2026-08-03,2013-01-07,3.870
2026-08-03,2026-08-03,2013-01-14,3.834
2026-08-03,2026-08-03,2013-01-21,3.845
2026-08-03,2026-08-03,2013-01-28,3.866
2026-08-03,2026-08-03,2013-02-04,3.978
2026-08-03,2026-08-03,2013-02-11,4.080
2026-08-03,2026-08-03,2013-02-18,4.132
2026-08-03,2026-08-03,2013-02-25,4.121
2026-08-03,2026-08-03,2013-03-04,4.085
2026-08-03,2026-08-03,2013-03-11,4.043
2026-08-03,2026-08-03,2013-03-18,4.015
2026-08-03,2026-08-03,2013-03-25,3.979
2026-08-03,2026-08-03,2013-04-01,3.970
2026-08-03,2026-08-03,2013-04-08,3.956
2026-08-03,2026-08-03,2013-04-15,3.923
2026-08-03,2026-08-03,2013-04-22,3.868
2026-08-03,2026-08-03,2013-04-29,3.839
2026-08-03,2026-08-03,2013-05-06,3.868
2026-08-03,2026-08-03,2013-05-13,3.909
2026-08-03,2026-08-03,2013-05-20,3.934
2026-08-03,2026-08-03,2013-05-27,3.916
2026-08-03,2026-08-03,2013-06-03,3.900
2026-08-03,2026-08-03,2013-06-10,3.877
2026-08-03,2026-08-03,2013-06-17,3.859
2026-08-03,2026-08-03,2013-06-24,3.847
2026-08-03,2026-08-03,2013-07-01,3.815
2026-08-03,2026-08-03,2013-07-08,3.821
2026-08-03,2026-08-03,2013-07-15,3.852
2026-08-03,2026-08-03,2013-07-22,3.875
2026-08-03,2026-08-03,2013-07-29,3.886
2026-08-03,2026-08-03,2013-08-05,3.878
2026-08-03,2026-08-03,2013-08-12,3.862
2026-08-03,2026-08-03,2013-08-19,3.868
2026-08-03,2026-08-03,2013-08-26,3.884
2026-08-03,2026-08-03,2013-09-02,3.967
2026-08-03,2026-08-03,2013-09-09,3.964
2026-08-03,2026-08-03,2013-09-16,3.957
2026-08-03,2026-08-03,2013-09-23,3.929
2026-08-03,2026-08-03,2013-09-30,3.894
2026-08-03,2026-08-03,2013-10-07,3.876
2026-08-03,2026-08-03,2013-10-14,3.854
2026-08-03,2026-08-03,2013-10-21,3.853
2026-08-03,2026-08-03,2013-10-28,3.837
2026-08-03,2026-08-03,2013-11-04,3.826
2026-08-03,2026-08-03,2013-11-11,3.798
2026-08-03,2026-08-03,2013-11-18,3.794
2026-08-03,2026-08-03,2013-11-25,3.829
2026-08-03,2026-08-03,2013-12-02,3.879
2026-08-03,2026-08-03,2013-12-09,3.870
2026-08-03,2026-08-03,2013-12-16,3.852
2026-08-03,2026-08-03,2013-12-23,3.847
2026-08-03,2026-08-03,2013-12-30,3.887
2026-08-03,2026-08-03,2014-01-06,3.888
2026-08-03,2026-08-03,2014-01-13,3.854
2026-08-03,2026-08-03,2014-01-20,3.830
2026-08-03,2026-08-03,2014-01-27,3.874
2026-08-03,2026-08-03,2014-02-03,3.942
2026-08-03,2026-08-03,2014-02-10,3.969
2026-08-03,2026-08-03,2014-02-17,3.993
2026-08-03,2026-08-03,2014-02-24,4.025
2026-08-03,2026-08-03,2014-03-03,4.019
2026-08-03,2026-08-03,2014-03-10,4.013
2026-08-03,2026-08-03,2014-03-17,3.994
2026-08-03,2026-08-03,2014-03-24,3.975
2026-08-03,2026-08-03,2014-03-31,3.959
2026-08-03,2026-08-03,2014-04-07,3.942
2026-08-03,2026-08-03,2014-04-14,3.932
2026-08-03,2026-08-03,2014-04-21,3.946
2026-08-03,2026-08-03,2014-04-28,3.947
2026-08-03,2026-08-03,2014-05-05,3.935
2026-08-03,2026-08-03,2014-05-12,3.921
2026-08-03,2026-08-03,2014-05-19,3.901
2026-08-03,2026-08-03,2014-05-26,3.884
2026-08-03,2026-08-03,2014-06-02,3.874
2026-08-03,2026-08-03,2014-06-09,3.845
2026-08-03,2026-08-03,2014-06-16,3.835
2026-08-03,2026-08-03,2014-06-23,3.875
2026-08-03,2026-08-03,2014-06-30,3.869
2026-08-03,2026-08-03,2014-07-07,3.862
2026-08-03,2026-08-03,2014-07-14,3.837
2026-08-03,2026-08-03,2014-07-21,3.810
2026-08-03,2026-08-03,2014-07-28,3.801
2026-08-03,2026-08-03,2014-08-04,3.798
2026-08-03,2026-08-03,2014-08-11,3.787
2026-08-03,2026-08-03,2014-08-18,3.780
2026-08-03,2026-08-03,2014-08-25,3.763
2026-08-03,2026-08-03,2014-09-01,3.752
2026-08-03,2026-08-03,2014-09-08,3.751
2026-08-03,2026-08-03,2014-09-15,3.743
2026-08-03,2026-08-03,2014-09-22,3.713
2026-08-03,2026-08-03,2014-09-29,3.694
2026-08-03,2026-08-03,2014-10-06,3.670
2026-08-03,2026-08-03,2014-10-13,3.636
2026-08-03,2026-08-03,2014-10-20,3.606
2026-08-03,2026-08-03,2014-10-27,3.611
2026-08-03,2026-08-03,2014-11-03,3.624
2026-08-03,2026-08-03,2014-11-10,3.788
2026-08-03,2026-08-03,2014-11-17,3.786
2026-08-03,2026-08-03,2014-11-24,3.743
2026-08-03,2026-08-03,2014-12-01,3.702
2026-08-03,2026-08-03,2014-12-08,3.623
2026-08-03,2026-08-03,2014-12-15,3.473
2026-08-03,2026-08-03,2014-12-22,3.294
2026-08-03,2026-08-03,2014-12-29,3.206
2026-08-03,2026-08-03,2015-01-05,3.102
2026-08-03,2026-08-03,2015-01-12,3.010
2026-08-03,2026-08-03,2015-01-19,2.889
2026-08-03,2026-08-03,2015-01-26,2.804
2026-08-03,2026-08-03,2015-02-02,2.765
2026-08-03,2026-08-03,2015-02-09,2.769
2026-08-03,2026-08-03,2015-02-16,2.792
2026-08-03,2026-08-03,2015-02-23,2.826
2026-08-03,2026-08-03,2015-03-02,2.850
2026-08-03,2026-08-03,2015-03-09,2.852
2026-08-03,2026-08-03,2015-03-16,2.820
2026-08-03,2026-08-03,2015-03-23,2.768
2026-08-03,2026-08-03,2015-03-30,2.727
2026-08-03,2026-08-03,2015-04-06,2.675
2026-08-03,2026-08-03,2015-04-13,2.633
2026-08-03,2026-08-03,2015-04-20,2.659
2026-08-03,2026-08-03,2015-04-27,2.691
2026-08-03,2026-08-03,2015-05-04,2.715
2026-08-03,2026-08-03,2015-05-11,2.748
2026-08-03,2026-08-03,2015-05-18,2.791
2026-08-03,2026-08-03,2015-05-25,2.800
2026-08-03,2026-08-03,2015-06-01,2.804
2026-08-03,2026-08-03,2015-06-08,2.774
2026-08-03,2026-08-03,2015-06-15,2.754
2026-08-03,2026-08-03,2015-06-22,2.746
2026-08-03,2026-08-03,2015-06-29,2.731
2026-08-03,2026-08-03,2015-07-06,2.724
2026-08-03,2026-08-03,2015-07-13,2.704
2026-08-03,2026-08-03,2015-07-20,2.679
2026-08-03,2026-08-03,2015-07-27,2.619
2026-08-03,2026-08-03,2015-08-03,2.561
2026-08-03,2026-08-03,2015-08-10,2.515
2026-08-03,2026-08-03,2015-08-17,2.539
2026-08-03,2026-08-03,2015-08-24,2.487
2026-08-03,2026-08-03,2015-08-31,2.443
2026-08-03,2026-08-03,2015-09-07,2.483
2026-08-03,2026-08-03,2015-09-14,2.471
2026-08-03,2026-08-03,2015-09-21,2.447
2026-08-03,2026-08-03,2015-09-28,2.434
2026-08-03,2026-08-03,2015-10-05,2.489
2026-08-03,2026-08-03,2015-10-12,2.634
2026-08-03,2026-08-03,2015-10-19,2.600
2026-08-03,2026-08-03,2015-10-26,2.540
2026-08-03,2026-08-03,2015-11-02,2.516
2026-08-03,2026-08-03,2015-11-09,2.526
2026-08-03,2026-08-03,2015-11-16,2.494
2026-08-03,2026-08-03,2015-11-23,2.441
2026-08-03,2026-08-03,2015-11-30,2.411
2026-08-03,2026-08-03,2015-12-07,2.348
2026-08-03,2026-08-03,2015-12-14,2.294
2026-08-03,2026-08-03,2015-12-21,2.227
2026-08-03,2026-08-03,2015-12-28,2.163
2026-08-03,2026-08-03,2016-01-04,2.130
2026-08-03,2026-08-03,2016-01-11,2.096
2026-08-03,2026-08-03,2016-01-18,2.023
2026-08-03,2026-08-03,2016-01-25,1.987
2026-08-03,2026-08-03,2016-02-01,1.941
2026-08-03,2026-08-03,2016-02-08,1.929
2026-08-03,2026-08-03,2016-02-15,1.908
2026-08-03,2026-08-03,2016-02-22,1.921
2026-08-03,2026-08-03,2016-02-29,1.937
2026-08-03,2026-08-03,2016-03-07,1.983
2026-08-03,2026-08-03,2016-03-14,2.065
2026-08-03,2026-08-03,2016-03-21,2.090
2026-08-03,2026-08-03,2016-03-28,2.077
2026-08-03,2026-08-03,2016-04-04,2.065
2026-08-03,2026-08-03,2016-04-11,2.082
2026-08-03,2026-08-03,2016-04-18,2.112
2026-08-03,2026-08-03,2016-04-25,2.156
2026-08-03,2026-08-03,2016-05-02,2.232
2026-08-03,2026-08-03,2016-05-09,2.241
2026-08-03,2026-08-03,2016-05-16,2.271
2026-08-03,2026-08-03,2016-05-23,2.325
2026-08-03,2026-08-03,2016-05-30,2.342
2026-08-03,2026-08-03,2016-06-06,2.361
2026-08-03,2026-08-03,2016-06-13,2.390
2026-08-03,2026-08-03,2016-06-20,2.386
2026-08-03,2026-08-03,2016-06-27,2.389
2026-08-03,2026-08-03,2016-07-04,2.389
2026-08-03,2026-08-03,2016-07-11,2.385
2026-08-03,2026-08-03,2016-07-18,2.369
2026-08-03,2026-08-03,2016-07-25,2.341
2026-08-03,2026-08-03,2016-08-01,2.304
2026-08-03,2026-08-03,2016-08-08,2.275
2026-08-03,2026-08-03,2016-08-15,2.273
2026-08-03,2026-08-03,2016-08-22,2.342
2026-08-03,2026-08-03,2016-08-29,2.391
2026-08-03,2026-08-03,2016-09-05,2.387
2026-08-03,2026-08-03,2016-09-12,2.376
2026-08-03,2026-08-03,2016-09-19,2.366
2026-08-03,2026-08-03,2016-09-26,2.359
2026-08-03,2026-08-03,2016-10-03,2.356
2026-08-03,2026-08-03,2016-10-10,2.417
2026-08-03,2026-08-03,2016-10-17,2.458
2026-08-03,2026-08-03,2016-10-24,2.451
2026-08-03,2026-08-03,2016-10-31,2.443
2026-08-03,2026-08-03,2016-11-07,2.425
2026-08-03,2026-08-03,2016-11-14,2.387
2026-08-03,2026-08-03,2016-11-21,2.356
2026-08-03,2026-08-03,2016-11-28,2.356
2026-08-03,2026-08-03,2016-12-05,2.431
2026-08-03,2026-08-03,2016-12-12,2.446
2026-08-03,2026-08-03,2016-12-19,2.479
2026-08-03,2026-08-03,2016-12-26,2.489
2026-08-03,2026-08-03,2017-01-02,2.540
2026-08-03,2026-08-03,2017-01-09,2.547
2026-08-03,2026-08-03,2017-01-16,2.541
2026-08-03,2026-08-03,2017-01-23,2.512
2026-08-03,2026-08-03,2017-01-30,2.500
2026-08-03,2026-08-03,2017-02-06,2.492
2026-08-03,2026-08-03,2017-02-13,2.487
2026-08-03,2026-08-03,2017-02-20,2.495
2026-08-03,2026-08-03,2017-02-27,2.499
2026-08-03,2026-08-03,2017-03-06,2.502
2026-08-03,2026-08-03,2017-03-13,2.491
2026-08-03,2026-08-03,2017-03-20,2.464
2026-08-03,2026-08-03,2017-03-27,2.458
2026-08-03,2026-08-03,2017-04-03,2.481
2026-08-03,2026-08-03,2017-04-10,2.515
2026-08-03,2026-08-03,2017-04-17,2.536
2026-08-03,2026-08-03,2017-04-24,2.530
2026-08-03,2026-08-03,2017-05-01,2.516
2026-08-03,2026-08-03,2017-05-08,2.497
2026-08-03,2026-08-03,2017-05-15,2.479
2026-08-03,2026-08-03,2017-05-22,2.468
2026-08-03,2026-08-03,2017-05-29,2.512
2026-08-03,2026-08-03,2017-06-05,2.505
2026-08-03,2026-08-03,2017-06-12,2.454
2026-08-03,2026-08-03,2017-06-19,2.411
2026-08-03,2026-08-03,2017-06-26,2.386
2026-08-03,2026-08-03,2017-07-03,2.403
2026-08-03,2026-08-03,2017-07-10,2.421
2026-08-03,2026-08-03,2017-07-17,2.438
2026-08-03,2026-08-03,2017-07-24,2.452
2026-08-03,2026-08-03,2017-07-31,2.486
2026-08-03,2026-08-03,2017-08-07,2.543
2026-08-03,2026-08-03,2017-08-14,2.570
2026-08-03,2026-08-03,2017-08-21,2.567
2026-08-03,2026-08-03,2017-08-28,2.566
2026-08-03,2026-08-03,2017-09-04,2.707
2026-08-03,2026-08-03,2017-09-11,2.753
2026-08-03,2026-08-03,2017-09-18,2.743
2026-08-03,2026-08-03,2017-09-25,2.741
2026-08-03,2026-08-03,2017-10-02,2.747
2026-08-03,2026-08-03,2017-10-09,2.738
2026-08-03,2026-08-03,2017-10-16,2.757
2026-08-03,2026-08-03,2017-10-23,2.779
2026-08-03,2026-08-03,2017-10-30,2.81
2026-08-03,2026-08-03,2017-11-06,2.861
2026-08-03,2026-08-03,2017-11-13,2.884
2026-08-03,2026-08-03,2017-11-20,2.873
2026-08-03,2026-08-03,2017-11-27,2.884
2026-08-03,2026-08-03,2017-12-04,2.877
2026-08-03,2026-08-03,2017-12-11,2.863
2026-08-03,2026-08-03,2017-12-18,2.853
2026-08-03,2026-08-03,2017-12-25,2.854
2026-08-03,2026-08-03,2018-01-01,2.935
2026-08-03,2026-08-03,2018-01-08,2.947
2026-08-03,2026-08-03,2018-01-15,2.981
2026-08-03,2026-08-03,2018-01-22,2.971
2026-08-03,2026-08-03,2018-01-29,3.03
2026-08-03,2026-08-03,2018-02-05,3.044
2026-08-03,2026-08-03,2018-02-12,3.02
2026-08-03,2026-08-03,2018-02-19,2.97
2026-08-03,2026-08-03,2018-02-26,2.947
2026-08-03,2026-08-03,2018-03-05,2.92
2026-08-03,2026-08-03,2018-03-12,2.899
2026-08-03,2026-08-03,2018-03-19,2.898
2026-08-03,2026-08-03,2018-03-26,2.934
2026-08-03,2026-08-03,2018-04-02,2.962
2026-08-03,2026-08-03,2018-04-09,2.957
2026-08-03,2026-08-03,2018-04-16,3.016
2026-08-03,2026-08-03,2018-04-23,3.047
2026-08-03,2026-08-03,2018-04-30,3.083
2026-08-03,2026-08-03,2018-05-07,3.092
2026-08-03,2026-08-03,2018-05-14,3.175
2026-08-03,2026-08-03,2018-05-21,3.218
2026-08-03,2026-08-03,2018-05-28,3.23
2026-08-03,2026-08-03,2018-06-04,3.224
2026-08-03,2026-08-03,2018-06-11,3.199
2026-08-03,2026-08-03,2018-06-18,3.173
2026-08-03,2026-08-03,2018-06-25,3.143
2026-08-03,2026-08-03,2018-07-02,3.171
2026-08-03,2026-08-03,2018-07-09,3.176
2026-08-03,2026-08-03,2018-07-16,3.171
2026-08-03,2026-08-03,2018-07-23,3.142
2026-08-03,2026-08-03,2018-07-30,3.156
2026-08-03,2026-08-03,2018-08-06,3.151
2026-08-03,2026-08-03,2018-08-13,3.139
2026-08-03,2026-08-03,2018-08-20,3.129
2026-08-03,2026-08-03,2018-08-27,3.153
2026-08-03,2026-08-03,2018-09-03,3.191
2026-08-03,2026-08-03,2018-09-10,3.194
2026-08-03,2026-08-03,2018-09-17,3.208
2026-08-03,2026-08-03,2018-09-24,3.218
2026-08-03,2026-08-03,2018-10-01,3.278
2026-08-03,2026-08-03,2018-10-08,3.351
2026-08-03,2026-08-03,2018-10-15,3.351
2026-08-03,2026-08-03,2018-10-22,3.333
2026-08-03,2026-08-03,2018-10-29,3.31
2026-08-03,2026-08-03,2018-11-05,3.286
2026-08-03,2026-08-03,2018-11-12,3.262
2026-08-03,2026-08-03,2018-11-19,3.216
2026-08-03,2026-08-03,2018-11-26,3.185
2026-08-03,2026-08-03,2018-12-03,3.117
2026-08-03,2026-08-03,2018-12-10,3.066
2026-08-03,2026-08-03,2018-12-17,3.018
2026-08-03,2026-08-03,2018-12-24,2.944
2026-08-03,2026-08-03,2018-12-31,2.907
2026-08-03,2026-08-03,2019-01-07,2.869
2026-08-03,2026-08-03,2019-01-14,2.823
2026-08-03,2026-08-03,2019-01-21,2.807
2026-08-03,2026-08-03,2019-01-28,2.806
2026-08-03,2026-08-03,2019-02-04,2.839
2026-08-03,2026-08-03,2019-02-11,2.849
2026-08-03,2026-08-03,2019-02-18,2.904
2026-08-03,2026-08-03,2019-02-25,2.969
2026-08-03,2026-08-03,2019-03-04,3.014
2026-08-03,2026-08-03,2019-03-11,3.011
2026-08-03,2026-08-03,2019-03-18,2.992
2026-08-03,2026-08-03,2019-03-25,2.993
2026-08-03,2026-08-03,2019-04-01,2.984
2026-08-03,2026-08-03,2019-04-08,2.993
2026-08-03,2026-08-03,2019-04-15,3.01
2026-08-03,2026-08-03,2019-04-22,3.042
2026-08-03,2026-08-03,2019-04-29,3.058
2026-08-03,2026-08-03,2019-05-06,3.064
2026-08-03,2026-08-03,2019-05-13,3.046
2026-08-03,2026-08-03,2019-05-20,3.049
2026-08-03,2026-08-03,2019-05-27,3.038
2026-08-03,2026-08-03,2019-06-03,3.026
2026-08-03,2026-08-03,2019-06-10,3.002
2026-08-03,2026-08-03,2019-06-17,2.957
2026-08-03,2026-08-03,2019-06-24,2.926
2026-08-03,2026-08-03,2019-07-01,2.924
2026-08-03,2026-08-03,2019-07-08,2.968
2026-08-03,2026-08-03,2019-07-15,2.956
2026-08-03,2026-08-03,2019-07-22,2.948
2026-08-03,2026-08-03,2019-07-29,2.94
2026-08-03,2026-08-03,2019-08-05,2.942
2026-08-03,2026-08-03,2019-08-12,2.924
2026-08-03,2026-08-03,2019-08-19,2.9
2026-08-03,2026-08-03,2019-08-26,2.89
2026-08-03,2026-08-03,2019-09-02,2.874
2026-08-03,2026-08-03,2019-09-09,2.864
2026-08-03,2026-08-03,2019-09-16,2.882
2026-08-03,2026-08-03,2019-09-23,2.992
2026-08-03,2026-08-03,2019-09-30,2.987
2026-08-03,2026-08-03,2019-10-07,2.967
2026-08-03,2026-08-03,2019-10-14,2.967
2026-08-03,2026-08-03,2019-10-21,2.957
2026-08-03,2026-08-03,2019-10-28,2.963
2026-08-03,2026-08-03,2019-11-04,2.955
2026-08-03,2026-08-03,2019-11-11,2.972
2026-08-03,2026-08-03,2019-11-18,2.971
2026-08-03,2026-08-03,2019-11-25,2.969
2026-08-03,2026-08-03,2019-12-02,2.982
2026-08-03,2026-08-03,2019-12-09,2.966
2026-08-03,2026-08-03,2019-12-16,2.97
2026-08-03,2026-08-03,2019-12-23,2.968
2026-08-03,2026-08-03,2019-12-30,2.978
2026-08-03,2026-08-03,2020-01-06,2.977
2026-08-03,2026-08-03,2020-01-13,2.965
2026-08-03,2026-08-03,2020-01-20,2.937
2026-08-03,2026-08-03,2020-01-27,2.901
2026-08-03,2026-08-03,2020-02-03,2.839
2026-08-03,2026-08-03,2020-02-10,2.776
2026-08-03,2026-08-03,2020-02-17,2.757
2026-08-03,2026-08-03,2020-02-24,2.756
2026-08-03,2026-08-03,2020-03-02,2.725
2026-08-03,2026-08-03,2020-03-09,2.689
2026-08-03,2026-08-03,2020-03-16,2.591
2026-08-03,2026-08-03,2020-03-23,2.499
2026-08-03,2026-08-03,2020-03-30,2.432
2026-08-03,2026-08-03,2020-04-06,2.394
2026-08-03,2026-08-03,2020-04-13,2.353
2026-08-03,2026-08-03,2020-04-20,2.326
2026-08-03,2026-08-03,2020-04-27,2.287
2026-08-03,2026-08-03,2020-05-04,2.248
2026-08-03,2026-08-03,2020-05-11,2.24
2026-08-03,2026-08-03,2020-05-18,2.229
2026-08-03,2026-08-03,2020-05-25,2.23
2026-08-03,2026-08-03,2020-06-01,2.226
2026-08-03,2026-08-03,2020-06-08,2.24
2026-08-03,2026-08-03,2020-06-15,2.256
2026-08-03,2026-08-03,2020-06-22,2.289
2026-08-03,2026-08-03,2020-06-29,2.299
2026-08-03,2026-08-03,2020-07-06,2.306
2026-08-03,2026-08-03,2020-07-13,2.313
2026-08-03,2026-08-03,2020-07-20,2.309
2026-08-03,2026-08-03,2020-07-27,2.301
2026-08-03,2026-08-03,2020-08-03,2.298
2026-08-03,2026-08-03,2020-08-10,2.305
2026-08-03,2026-08-03,2020-08-17,2.308
2026-08-03,2026-08-03,2020-08-24,2.308
2026-08-03,2026-08-03,2020-08-31,2.329
2026-08-03,2026-08-03,2020-09-07,2.321
2026-08-03,2026-08-03,2020-09-14,2.308
2026-08-03,2026-08-03,2020-09-21,2.282
2026-08-03,2026-08-03,2020-09-28,2.269
2026-08-03,2026-08-03,2020-10-05,2.259
2026-08-03,2026-08-03,2020-10-12,2.275
2026-08-03,2026-08-03,2020-10-19,2.269
2026-08-03,2026-08-03,2020-10-26,2.262
2026-08-03,2026-08-03,2020-11-02,2.246
2026-08-03,2026-08-03,2020-11-09,2.261
2026-08-03,2026-08-03,2020-11-16,2.339
2026-08-03,2026-08-03,2020-11-23,2.359
2026-08-03,2026-08-03,2020-11-30,2.404
2026-08-03,2026-08-03,2020-12-07,2.435
2026-08-03,2026-08-03,2020-12-14,2.478
2026-08-03,2026-08-03,2020-12-21,2.559
2026-08-03,2026-08-03,2020-12-28,2.585
2026-08-03,2026-08-03,2021-01-04,2.592
2026-08-03,2026-08-03,2021-01-11,2.606
2026-08-03,2026-08-03,2021-01-18,2.632
2026-08-03,2026-08-03,2021-01-25,2.656
2026-08-03,2026-08-03,2021-02-01,2.676
2026-08-03,2026-08-03,2021-02-08,2.748
2026-08-03,2026-08-03,2021-02-15,2.852
2026-08-03,2026-08-03,2021-02-22,2.945
2026-08-03,2026-08-03,2021-03-01,3.041
2026-08-03,2026-08-03,2021-03-08,3.127
2026-08-03,2026-08-03,2021-03-15,3.169
2026-08-03,2026-08-03,2021-03-22,3.149
2026-08-03,2026-08-03,2021-03-29,3.104
2026-08-03,2026-08-03,2021-04-05,3.083
2026-08-03,2026-08-03,2021-04-12,3.061
2026-08-03,2026-08-03,2021-04-19,3.054
2026-08-03,2026-08-03,2021-04-26,3.058
2026-08-03,2026-08-03,2021-05-03,3.085
2026-08-03,2026-08-03,2021-05-10,3.13
2026-08-03,2026-08-03,2021-05-17,3.197
2026-08-03,2026-08-03,2021-05-24,3.199
2026-08-03,2026-08-03,2021-05-31,3.197
2026-08-03,2026-08-03,2021-06-07,3.222
2026-08-03,2026-08-03,2021-06-14,3.233
2026-08-03,2026-08-03,2021-06-21,3.231
2026-08-03,2026-08-03,2021-06-28,3.239
2026-08-03,2026-08-03,2021-07-05,3.264
2026-08-03,2026-08-03,2021-07-12,3.261
2026-08-03,2026-08-03,2021-07-19,3.264
2026-08-03,2026-08-03,2021-07-26,3.258
2026-08-03,2026-08-03,2021-08-02,3.278
2026-08-03,2026-08-03,2021-08-09,3.271
2026-08-03,2026-08-03,2021-08-16,3.259
2026-08-03,2026-08-03,2021-08-23,3.216
2026-08-03,2026-08-03,2021-08-30,3.241
2026-08-03,2026-08-03,2021-09-06,3.284
2026-08-03,2026-08-03,2021-09-13,3.282
2026-08-03,2026-08-03,2021-09-20,3.29
2026-08-03,2026-08-03,2021-09-27,3.326
2026-08-03,2026-08-03,2021-10-04,3.43
2026-08-03,2026-08-03,2021-10-11,3.538
2026-08-03,2026-08-03,2021-10-18,3.615
2026-08-03,2026-08-03,2021-10-25,3.632
2026-08-03,2026-08-03,2021-11-01,3.639
2026-08-03,2026-08-03,2021-11-08,3.633
2026-08-03,2026-08-03,2021-11-15,3.631
2026-08-03,2026-08-03,2021-11-22,3.617
2026-08-03,2026-08-03,2021-11-29,3.602
2026-08-03,2026-08-03,2021-12-06,3.536
2026-08-03,2026-08-03,2021-12-13,3.512
2026-08-03,2026-08-03,2021-12-20,3.492
2026-08-03,2026-08-03,2021-12-27,3.479
2026-08-03,2026-08-03,2022-01-03,3.477
2026-08-03,2026-08-03,2022-01-10,3.522
2026-08-03,2026-08-03,2022-01-17,3.603
2026-08-03,2026-08-03,2022-01-24,3.656
2026-08-03,2026-08-03,2022-01-31,3.714
2026-08-03,2026-08-03,2022-02-07,3.808
2026-08-03,2026-08-03,2022-02-14,3.884
2026-08-03,2026-08-03,2022-02-21,3.905
2026-08-03,2026-08-03,2022-02-28,3.968
2026-08-03,2026-08-03,2022-03-07,4.649
2026-08-03,2026-08-03,2022-03-14,5.044
2026-08-03,2026-08-03,2022-03-21,4.959
2026-08-03,2026-08-03,2022-03-28,4.994
2026-08-03,2026-08-03,2022-04-04,4.947
2026-08-03,2026-08-03,2022-04-11,4.887
2026-08-03,2026-08-03,2022-04-18,4.921
2026-08-03,2026-08-03,2022-04-25,4.987
2026-08-03,2026-08-03,2022-05-02,5.329
2026-08-03,2026-08-03,2022-05-09,5.386
2026-08-03,2026-08-03,2022-05-16,5.346
2026-08-03,2026-08-03,2022-05-23,5.293
2026-08-03,2026-08-03,2022-05-30,5.247
2026-08-03,2026-08-03,2022-06-06,5.468
2026-08-03,2026-08-03,2022-06-13,5.631
2026-08-03,2026-08-03,2022-06-20,5.78
2026-08-03,2026-08-03,2022-06-27,5.767
2026-08-03,2026-08-03,2022-07-04,5.647
2026-08-03,2026-08-03,2022-07-11,5.542
2026-08-03,2026-08-03,2022-07-18,5.409
2026-08-03,2026-08-03,2022-07-25,5.241
2026-08-03,2026-08-03,2022-08-01,5.108
2026-08-03,2026-08-03,2022-08-08,4.959
2026-08-03,2026-08-03,2022-08-15,4.872
2026-08-03,2026-08-03,2022-08-22,4.89
2026-08-03,2026-08-03,2022-08-29,5.172
2026-08-03,2026-08-03,2022-09-05,5.132
2026-08-03,2026-08-03,2022-09-12,5.085
2026-08-03,2026-08-03,2022-09-19,4.995
2026-08-03,2026-08-03,2022-09-26,4.881
2026-08-03,2026-08-03,2022-10-03,4.819
2026-08-03,2026-08-03,2022-10-10,5.27
2026-08-03,2026-08-03,2022-10-17,5.346
2026-08-03,2026-08-03,2022-10-24,5.369
2026-08-03,2026-08-03,2022-10-31,5.327
2026-08-03,2026-08-03,2022-11-07,5.351
2026-08-03,2026-08-03,2022-11-14,5.321
2026-08-03,2026-08-03,2022-11-21,5.231
2026-08-03,2026-08-03,2022-11-28,5.108
2026-08-03,2026-08-03,2022-12-05,4.907
2026-08-03,2026-08-03,2022-12-12,4.651
2026-08-03,2026-08-03,2022-12-19,4.477
2026-08-03,2026-08-03,2022-12-26,4.402
2026-08-03,2026-08-03,2023-01-02,4.423
2026-08-03,2026-08-03,2023-01-09,4.39
2026-08-03,2026-08-03,2023-01-16,4.374
2026-08-03,2026-08-03,2023-01-23,4.473
2026-08-03,2026-08-03,2023-01-30,4.474
2026-08-03,2026-08-03,2023-02-06,4.378
2026-08-03,2026-08-03,2023-02-13,4.274
2026-08-03,2026-08-03,2023-02-20,4.194
2026-08-03,2026-08-03,2023-02-27,4.12
2026-08-03,2026-08-03,2023-03-06,4.131
2026-08-03,2026-08-03,2023-03-13,4.094
2026-08-03,2026-08-03,2023-03-20,4.021
2026-08-03,2026-08-03,2023-03-27,3.974
2026-08-03,2026-08-03,2023-04-03,3.952
2026-08-03,2026-08-03,2023-04-10,3.968
2026-08-03,2026-08-03,2023-04-17,4.027
2026-08-03,2026-08-03,2023-04-24,3.984
2026-08-03,2026-08-03,2023-05-01,3.917
2026-08-03,2026-08-03,2023-05-08,3.827
2026-08-03,2026-08-03,2023-05-15,3.823
2026-08-03,2026-08-03,2023-05-22,3.81
2026-08-03,2026-08-03,2023-05-29,3.781
2026-08-03,2026-08-03,2023-06-05,3.732
2026-08-03,2026-08-03,2023-06-12,3.717
2026-08-03,2026-08-03,2023-06-19,3.739
2026-08-03,2026-08-03,2023-06-26,3.734
2026-08-03,2026-08-03,2023-07-03,3.704
2026-08-03,2026-08-03,2023-07-10,3.742
2026-08-03,2026-08-03,2023-07-17,3.726
2026-08-03,2026-08-03,2023-07-24,3.814
2026-08-03,2026-08-03,2023-07-31,4.105
2026-08-03,2026-08-03,2023-08-07,4.195
2026-08-03,2026-08-03,2023-08-14,4.317
2026-08-03,2026-08-03,2023-08-21,4.302
2026-08-03,2026-08-03,2023-08-28,4.385
2026-08-03,2026-08-03,2023-09-04,4.383
2026-08-03,2026-08-03,2023-09-11,4.427
2026-08-03,2026-08-03,2023-09-18,4.492
2026-08-03,2026-08-03,2023-09-25,4.439
2026-08-03,2026-08-03,2023-10-02,4.449
2026-08-03,2026-08-03,2023-10-09,4.376
2026-08-03,2026-08-03,2023-10-16,4.304
2026-08-03,2026-08-03,2023-10-23,4.554
2026-08-03,2026-08-03,2023-10-30,4.441
2026-08-03,2026-08-03,2023-11-06,4.334
2026-08-03,2026-08-03,2023-11-13,4.308
2026-08-03,2026-08-03,2023-11-20,4.207
2026-08-03,2026-08-03,2023-11-27,4.115
2026-08-03,2026-08-03,2023-12-04,4.025
2026-08-03,2026-08-03,2023-12-11,3.9
2026-08-03,2026-08-03,2023-12-18,3.806
2026-08-03,2026-08-03,2023-12-25,3.798
2026-08-03,2026-08-03,2024-01-01,3.75
2026-08-03,2026-08-03,2024-01-08,3.692
2026-08-03,2026-08-03,2024-01-15,3.729
2026-08-03,2026-08-03,2024-01-22,3.704
2026-08-03,2026-08-03,2024-01-29,3.704
2026-08-03,2026-08-03,2024-02-05,3.738
2026-08-03,2026-08-03,2024-02-12,4.042
2026-08-03,2026-08-03,2024-02-19,4.01
2026-08-03,2026-08-03,2024-02-26,3.961
2026-08-03,2026-08-03,2024-03-04,3.919
2026-08-03,2026-08-03,2024-03-11,3.913
2026-08-03,2026-08-03,2024-03-18,3.955
2026-08-03,2026-08-03,2024-03-25,3.986
2026-08-03,2026-08-03,2024-04-01,3.949
2026-08-03,2026-08-03,2024-04-08,4.011
2026-08-03,2026-08-03,2024-04-15,3.965
2026-08-03,2026-08-03,2024-04-22,3.935
2026-08-03,2026-08-03,2024-04-29,3.882
2026-08-03,2026-08-03,2024-05-06,3.814
2026-08-03,2026-08-03,2024-05-13,3.768
2026-08-03,2026-08-03,2024-05-20,3.685
2026-08-03,2026-08-03,2024-05-27,3.633
2026-08-03,2026-08-03,2024-06-03,3.592
2026-08-03,2026-08-03,2024-06-10,3.512
2026-08-03,2026-08-03,2024-06-17,3.621
2026-08-03,2026-08-03,2024-06-24,3.662
2026-08-03,2026-08-03,2024-07-01,3.729
2026-08-03,2026-08-03,2024-07-08,3.803
2026-08-03,2026-08-03,2024-07-15,3.745
2026-08-03,2026-08-03,2024-07-22,3.732
2026-08-03,2026-08-03,2024-07-29,3.727
2026-08-03,2026-08-03,2024-08-05,3.729
2026-08-03,2026-08-03,2024-08-12,3.681
2026-08-03,2026-08-03,2024-08-19,3.674
2026-08-03,2026-08-03,2024-08-26,3.627
2026-08-03,2026-08-03,2024-09-02,3.613
2026-08-03,2026-08-03,2024-09-09,3.528
2026-08-03,2026-08-03,2024-09-16,3.481
2026-08-03,2026-08-03,2024-09-23,3.511
2026-08-03,2026-08-03,2024-09-30,3.52
2026-08-03,2026-08-03,2024-10-07,3.587
2026-08-03,2026-08-03,2024-10-14,3.651
2026-08-03,2026-08-03,2024-10-21,3.543
2026-08-03,2026-08-03,2024-10-28,3.569
2026-08-03,2026-08-03,2024-11-04,3.517
2026-08-03,2026-08-03,2024-11-11,3.504
2026-08-03,2026-08-03,2024-11-18,3.466
2026-08-03,2026-08-03,2024-11-25,3.531
2026-08-03,2026-08-03,2024-12-02,3.521
2026-08-03,2026-08-03,2024-12-09,3.425
2026-08-03,2026-08-03,2024-12-16,3.45
2026-08-03,2026-08-03,2024-12-23,3.449
2026-08-03,2026-08-03,2024-12-30,3.469
2026-08-03,2026-08-03,2025-01-06,3.53
2026-08-03,2026-08-03,2025-01-13,3.532
2026-08-03,2026-08-03,2025-01-20,3.648
2026-08-03,2026-08-03,2025-01-27,3.568
2026-08-03,2026-08-03,2025-02-03,3.568
2026-08-03,2026-08-03,2025-02-10,3.582
2026-08-03,2026-08-03,2025-02-17,3.602
2026-08-03,2026-08-03,2025-02-24,3.615
2026-08-03,2026-08-03,2025-03-03,3.551
2026-08-03,2026-08-03,2025-03-10,3.497
2026-08-03,2026-08-03,2025-03-17,3.463
2026-08-03,2026-08-03,2025-03-24,3.491
2026-08-03,2026-08-03,2025-03-31,3.519
2026-08-03,2026-08-03,2025-04-07,3.579
2026-08-03,2026-08-03,2025-04-14,3.51
2026-08-03,2026-08-03,2025-04-21,3.475
2026-08-03,2026-08-03,2025-04-28,3.456
2026-08-03,2026-08-03,2025-05-05,3.432
2026-08-03,2026-08-03,2025-05-12,3.416
2026-08-03,2026-08-03,2025-05-19,3.481
2026-08-03,2026-08-03,2025-05-26,3.428
2026-08-03,2026-08-03,2025-06-02,3.388
2026-08-03,2026-08-03,2025-06-09,3.429
2026-08-03,2026-08-03,2025-06-16,3.537
2026-08-03,2026-08-03,2025-06-23,3.777
2026-08-03,2026-08-03,2025-06-30,3.715
2026-08-03,2026-08-03,2025-07-07,3.733
2026-08-03,2026-08-03,2025-07-14,3.733
2026-08-03,2026-08-03,2025-07-21,3.795
2026-08-03,2026-08-03,2025-07-28,3.794
2026-08-03,2026-08-03,2025-08-04,3.792
2026-08-03,2026-08-03,2025-08-11,3.747
2026-08-03,2026-08-03,2025-08-18,3.702
2026-08-03,2026-08-03,2025-08-25,3.698
2026-08-03,2026-08-03,2025-09-01,3.722
2026-08-03,2026-08-03,2025-09-08,3.754
2026-08-03,2026-08-03,2025-09-15,3.71
2026-08-03,2026-08-03,2025-09-22,3.731
2026-08-03,2026-08-03,2025-09-29,3.731
2026-08-03,2026-08-03,2025-10-06,3.67
2026-08-03,2026-08-03,2025-10-13,3.606
2026-08-03,2026-08-03,2025-10-20,3.564
2026-08-03,2026-08-03,2025-10-27,3.715
2026-08-03,2026-08-03,2025-11-03,3.773
2026-08-03,2026-08-03,2025-11-10,3.891
2026-08-03,2026-08-03,2025-11-17,3.913
2026-08-03,2026-08-03,2025-11-24,3.85
2026-08-03,2026-08-03,2025-12-01,3.755
2026-08-03,2026-08-03,2025-12-08,3.635
2026-08-03,2026-08-03,2025-12-15,3.567
2026-08-03,2026-08-03,2025-12-22,3.483
2026-08-03,2026-08-03,2025-12-29,3.424
2026-08-03,2026-08-03,2026-01-05,3.387
2026-08-03,2026-08-03,2026-01-12,3.365
2026-08-03,2026-08-03,2026-01-19,3.445
2026-08-03,2026-08-03,2026-01-26,3.579
2026-08-03,2026-08-03,2026-02-02,3.625
2026-08-03,2026-08-03,2026-02-09,3.636
2026-08-03,2026-08-03,2026-02-16,3.664
2026-08-03,2026-08-03,2026-02-23,3.798
2026-08-03,2026-08-03,2026-03-02,3.888
2026-08-03,2026-08-03,2026-03-09,4.801
2026-08-03,2026-08-03,2026-03-16,4.97
2026-08-03,2026-08-03,2026-03-23,5.16
2026-08-03,2026-08-03,2026-03-30,5.105
2026-08-03,2026-08-03,2026-04-06,5.304
2026-08-03,2026-08-03,2026-04-13,5.382
2026-08-03,2026-08-03,2026-04-20,5.165
2026-08-03,2026-08-03,2026-04-27,5.131
2026-08-03,2026-08-03,2026-05-04,5.742
2026-08-03,2026-08-03,2026-05-11,5.815
2026-08-03,2026-08-03,2026-05-18,5.749
2026-08-03,2026-08-03,2026-05-25,5.623
2026-08-03,2026-08-03,2026-06-01,5.392
2026-08-03,2026-08-03,2026-06-08,5.182
2026-08-03,2026-08-03,2026-06-15,5.011
2026-08-03,2026-08-03,2026-06-22,4.751
2026-08-03,2026-08-03,2026-06-29,4.583
2026-08-03,2026-08-03,2026-07-06,4.458
2026-08-03,2026-08-03,2026-07-13,4.659
2026-08-03,2026-08-03,2026-07-20,4.988
2026-08-03,2026-08-03,2026-07-27,5.196
